trade_date,group,group_ret,benchmark
20160201,1.0,-0.000699999999999981,0.16908600000000001
20160201,3.0,-0.042499999999999996,0.16908600000000001
20160201,5.0,0.10669999999999999,0.16908600000000001
20160201,8.0,0.5013,0.16908600000000001
20160201,10.0,0.3992,0.16908600000000001
20160215,1.0,0.024800000000000006,0.16908600000000001
20160215,5.0,0.0631,0.16908600000000001
20160215,10.0,0.01670000000000001,0.16908600000000001
20160222,1.0,0.11599999999999999,0.16908600000000001
20160222,2.0,0.03499999999999999,0.16908600000000001
20160222,3.0,-0.004399999999999994,0.16908600000000001
20160222,4.0,0.11510000000000001,0.16908600000000001
20160222,5.0,0.1905,0.16908600000000001
20160222,6.0,-0.006299999999999984,0.16908600000000001
20160222,7.0,0.03999999999999999,0.16908600000000001
20160222,8.0,0.10140000000000002,0.16908600000000001
20160222,9.0,0.1,0.16908600000000001
20160222,10.0,0.028500000000000004,0.16908600000000001
20160229,1.0,0.17795384615384616,0.16908600000000001
20160229,2.0,0.21478076923076922,0.16908600000000001
20160229,3.0,0.19490384615384615,0.16908600000000001
20160229,4.0,0.20212307692307693,0.16908600000000001
20160229,5.0,0.17625384615384615,0.16908600000000001
20160229,6.0,0.17542941176470586,0.16908600000000001
20160229,7.0,0.1923730769230769,0.16908600000000001
20160229,8.0,0.1924,0.16908600000000001
20160229,9.0,0.20572115384615383,0.16908600000000001
20160229,10.0,0.15791153846153844,0.16908600000000001
20160314,1.0,0.060399999999999995,-0.015794000000000006
20160314,2.0,0.15510000000000002,-0.015794000000000006
20160314,3.0,0.0719,-0.015794000000000006
20160314,4.0,0.15030000000000002,-0.015794000000000006
20160314,5.0,-0.021800000000000035,-0.015794000000000006
20160314,6.0,-0.031999999999999994,-0.015794000000000006
20160314,7.0,0.19990000000000002,-0.015794000000000006
20160314,8.0,0.04139999999999999,-0.015794000000000006
20160314,9.0,0.1704,-0.015794000000000006
20160314,10.0,0.19279999999999997,-0.015794000000000006
20160321,1.0,-0.2563,-0.015794000000000006
20160321,2.0,-0.03450000000000002,-0.015794000000000006
20160321,3.0,-0.04150000000000001,-0.015794000000000006
20160321,4.0,-0.18180000000000002,-0.015794000000000006
20160321,5.0,-0.042400000000000014,-0.015794000000000006
20160321,6.0,0.1463,-0.015794000000000006
20160321,7.0,0.1146,-0.015794000000000006
20160321,8.0,0.12730000000000002,-0.015794000000000006
20160321,9.0,0.06040000000000001,-0.015794000000000006
20160321,10.0,0.18140000000000003,-0.015794000000000006
20160328,1.0,-0.010349056603773587,-0.015794000000000006
20160328,2.0,-0.03591923076923077,-0.015794000000000006
20160328,3.0,-0.014463461538461538,-0.015794000000000006
20160328,4.0,-0.0010384615384615378,-0.015794000000000006
20160328,5.0,0.02485576923076923,-0.015794000000000006
20160328,6.0,-0.02063076923076923,-0.015794000000000006
20160328,7.0,-0.019463461538461537,-0.015794000000000006
20160328,8.0,0.03420576923076923,-0.015794000000000006
20160328,9.0,-0.016,-0.015794000000000006
20160328,10.0,-0.02581346153846154,-0.015794000000000006
20160411,1.0,0.0658,-0.0071299999999999905
20160411,3.0,-0.1633,-0.0071299999999999905
20160411,5.0,0.01680000000000002,-0.0071299999999999905
20160411,8.0,0.2258,-0.0071299999999999905
20160411,10.0,0.012900000000000002,-0.0071299999999999905
20160418,1.0,-0.015700000000000006,-0.0071299999999999905
20160418,3.0,-0.00350000000000001,-0.0071299999999999905
20160418,5.0,-0.021099999999999994,-0.0071299999999999905
20160418,8.0,-0.15330000000000002,-0.0071299999999999905
20160418,10.0,0.03240000000000001,-0.0071299999999999905
20160425,1.0,0.00898301886792453,-0.0071299999999999905
20160425,2.0,0.01485,-0.0071299999999999905
20160425,3.0,0.00941132075471698,-0.0071299999999999905
20160425,4.0,-0.006173076923076921,-0.0071299999999999905
20160425,5.0,0.04175094339622642,-0.0071299999999999905
20160425,6.0,0.012271153846153847,-0.0071299999999999905
20160425,7.0,0.003234615384615385,-0.0071299999999999905
20160425,8.0,0.006052830188679244,-0.0071299999999999905
20160425,9.0,-0.007911538461538461,-0.0071299999999999905
20160425,10.0,-0.03341509433962264,-0.0071299999999999905
20160509,1.0,-0.007899999999999999,0.067091
20160509,5.0,0.05200000000000001,0.067091
20160509,10.0,0.2659,0.067091
20160516,1.0,-0.11839999999999999,0.067091
20160516,2.0,0.18430000000000002,0.067091
20160516,4.0,-0.008499999999999999,0.067091
20160516,5.0,0.27909999999999996,0.067091
20160516,7.0,0.2521,0.067091
20160516,9.0,0.14930000000000002,0.067091
20160516,10.0,0.2,0.067091
20160523,1.0,0.37520000000000003,0.067091
20160523,3.0,0.1001,0.067091
20160523,5.0,-0.008700000000000003,0.067091
20160523,8.0,0.1689,0.067091
20160523,10.0,0.040299999999999996,0.067091
20160530,1.0,0.0820754716981132,0.067091
20160530,2.0,0.078225,0.067091
20160530,3.0,0.05365961538461539,0.067091
20160530,4.0,0.0664673076923077,0.067091
20160530,5.0,0.059046153846153845,0.067091
20160530,6.0,0.0741076923076923,0.067091
20160530,7.0,0.07109038461538461,0.067091
20160530,8.0,0.04446153846153847,0.067091
20160530,9.0,0.0566,0.067091
20160530,10.0,0.07981509433962264,0.067091
20160606,1.0,-0.1634,-0.026152000000000005
20160606,10.0,-0.1624,-0.026152000000000005
20160613,1.0,0.144,-0.026152000000000005
20160613,5.0,0.2445,-0.026152000000000005
20160613,10.0,0.1387,-0.026152000000000005
20160620,1.0,0.24509999999999998,-0.026152000000000005
20160620,5.0,0.079,-0.026152000000000005
20160620,10.0,-0.032,-0.026152000000000005
20160627,1.0,-0.03573584905660377,-0.026152000000000005
20160627,2.0,-0.0036962264150943403,-0.026152000000000005
20160627,3.0,0.013296153846153845,-0.026152000000000005
20160627,4.0,0.01307735849056604,-0.026152000000000005
20160627,5.0,0.011856603773584905,-0.026152000000000005
20160627,6.0,0.022675,-0.026152000000000005
20160627,7.0,-0.00727924528301887,-0.026152000000000005
20160627,8.0,-0.007876923076923078,-0.026152000000000005
20160627,9.0,-0.026913207547169814,-0.026152000000000005
20160627,10.0,-0.04644339622641509,-0.026152000000000005
20160704,1.0,0.41809999999999997,0.03987
20160704,5.0,0.21350000000000002,0.03987
20160704,10.0,0.028899999999999988,0.03987
20160711,1.0,-0.13859999999999997,0.03987
20160711,10.0,0.1399,0.03987
20160718,1.0,-0.2295,0.03987
20160718,2.0,0.2454,0.03987
20160718,4.0,0.0866,0.03987
20160718,5.0,0.0241,0.03987
20160718,7.0,0.016999999999999994,0.03987
20160718,9.0,-0.020500000000000004,0.03987
20160718,10.0,0.1353,0.03987
20160725,1.0,0.040241509433962264,0.03987
20160725,2.0,0.05985384615384615,0.03987
20160725,3.0,0.05467358490566038,0.03987
20160725,4.0,0.036557692307692305,0.03987
20160725,5.0,0.055650943396226414,0.03987
20160725,6.0,0.03405384615384615,0.03987
20160725,7.0,0.06722307692307693,0.03987
20160725,8.0,0.0340811320754717,0.03987
20160725,9.0,0.019378846153846156,0.03987
20160725,10.0,0.038118867924528295,0.03987
20160815,1.0,-0.0914,-0.019118000000000003
20160815,3.0,0.1042,-0.019118000000000003
20160815,5.0,-0.0007000000000000027,-0.019118000000000003
20160815,8.0,0.0483,-0.019118000000000003
20160815,10.0,0.014699999999999998,-0.019118000000000003
20160822,1.0,0.27140000000000003,-0.019118000000000003
20160822,2.0,-0.07089999999999999,-0.019118000000000003
20160822,4.0,0.09050000000000001,-0.019118000000000003
20160822,5.0,-0.08349999999999999,-0.019118000000000003
20160822,7.0,-0.0713,-0.019118000000000003
20160822,9.0,-0.1577,-0.019118000000000003
20160822,10.0,0.048299999999999996,-0.019118000000000003
20160829,1.0,-0.03824444444444444,-0.019118000000000003
20160829,2.0,-0.022030188679245284,-0.019118000000000003
20160829,3.0,-0.017249056603773585,-0.019118000000000003
20160829,4.0,-0.01866851851851852,-0.019118000000000003
20160829,5.0,-0.008047169811320755,-0.019118000000000003
20160829,6.0,-0.018828301886792454,-0.019118000000000003
20160829,7.0,-0.0014111111111111112,-0.019118000000000003
20160829,8.0,-0.013550943396226416,-0.019118000000000003
20160829,9.0,-0.013737735849056605,-0.019118000000000003
20160829,10.0,-0.02407037037037037,-0.019118000000000003
20160905,1.0,-0.1089,0.028908000000000003
20160905,2.0,-0.012999999999999994,0.028908000000000003
20160905,4.0,0.1905,0.028908000000000003
20160905,6.0,0.229,0.028908000000000003
20160905,8.0,-0.023400000000000004,0.028908000000000003
20160905,10.0,-0.0332,0.028908000000000003
20160912,1.0,-0.632576,0.028908000000000003
20160912,5.0,-0.006699999999999994,0.028908000000000003
20160912,10.0,-0.22806,0.028908000000000003
20160919,1.0,-0.02899999999999999,0.028908000000000003
20160919,2.0,-0.010200000000000004,0.028908000000000003
20160919,3.0,0.016600000000000004,0.028908000000000003
20160919,5.0,0.05439999999999999,0.028908000000000003
20160919,6.0,0.061,0.028908000000000003
20160919,8.0,-0.11309999999999999,0.028908000000000003
20160919,9.0,-0.049900000000000014,0.028908000000000003
20160919,10.0,0.06709999999999999,0.028908000000000003
20160926,1.0,0.046705555555555556,0.028908000000000003
20160926,2.0,0.02046111111111111,0.028908000000000003
20160926,3.0,0.03332264150943396,0.028908000000000003
20160926,4.0,0.045224074074074076,0.028908000000000003
20160926,5.0,0.029324528301886792,0.028908000000000003
20160926,6.0,0.035524074074074076,0.028908000000000003
20160926,7.0,0.02942264150943396,0.028908000000000003
20160926,8.0,0.03325555555555556,0.028908000000000003
20160926,9.0,0.0221188679245283,0.028908000000000003
20160926,10.0,0.05237407407407407,0.028908000000000003
20161017,1.0,-0.09259999999999999,0.012075
20161017,5.0,0.09659999999999999,0.012075
20161017,10.0,-0.04000000000000001,0.012075
20161024,1.0,0.5603,0.012075
20161024,3.0,0.00019999999999999185,0.012075
20161024,5.0,0.06970000000000001,0.012075
20161024,8.0,0.0539,0.012075
20161024,10.0,-0.0017999999999999995,0.012075
20161031,1.0,0.058092727272727275,0.012075
20161031,2.0,0.01580925925925926,0.012075
20161031,3.0,0.04028703703703704,0.012075
20161031,4.0,0.024494545454545453,0.012075
20161031,5.0,0.02747037037037037,0.012075
20161031,6.0,0.014944444444444442,0.012075
20161031,7.0,0.04232909090909091,0.012075
20161031,8.0,0.016411111111111112,0.012075
20161031,9.0,0.02726296296296296,0.012075
20161031,10.0,-0.013692727272727273,0.012075
20161107,1.0,0.1744,-0.057821
20161107,2.0,0.028999999999999995,-0.057821
20161107,4.0,-0.3742,-0.057821
20161107,6.0,0.03510000000000002,-0.057821
20161107,8.0,-0.1074,-0.057821
20161107,10.0,0.10980000000000002,-0.057821
20161114,1.0,-0.029900000000000006,-0.057821
20161114,2.0,-0.1325,-0.057821
20161114,3.0,-0.19499999999999998,-0.057821
20161114,4.0,-0.01749999999999999,-0.057821
20161114,5.0,-0.10759999999999999,-0.057821
20161114,7.0,-0.11199999999999999,-0.057821
20161114,8.0,-0.193,-0.057821
20161114,9.0,-0.0715,-0.057821
20161114,10.0,-0.0235,-0.057821
20161121,1.0,0.1324,-0.057821
20161121,2.0,0.018600000000000005,-0.057821
20161121,3.0,0.04260000000000001,-0.057821
20161121,5.0,-0.2895,-0.057821
20161121,6.0,-0.0895,-0.057821
20161121,8.0,-0.1696,-0.057821
20161121,9.0,-0.09759999999999999,-0.057821
20161121,10.0,-0.1099,-0.057821
20161128,1.0,-0.05595740740740741,-0.057821
20161128,2.0,-0.06161111111111111,-0.057821
20161128,3.0,-0.05347547169811321,-0.057821
20161128,4.0,-0.08249074074074075,-0.057821
20161128,5.0,-0.04785925925925926,-0.057821
20161128,6.0,-0.05016603773584905,-0.057821
20161128,7.0,-0.06275555555555555,-0.057821
20161128,8.0,-0.05485094339622642,-0.057821
20161128,9.0,-0.0446462962962963,-0.057821
20161128,10.0,-0.03213888888888889,-0.057821
20161205,1.0,-0.0998,-0.032439
20161205,10.0,-0.2092,-0.032439
20161212,1.0,-0.2138,-0.032439
20161212,5.0,-0.0499,-0.032439
20161212,10.0,0.05999999999999999,-0.032439
20161219,1.0,-0.02520000000000001,-0.032439
20161219,5.0,-0.0103,-0.032439
20161219,10.0,-0.07370000000000002,-0.032439
20161226,1.0,0.019660714285714285,-0.032439
20161226,2.0,-0.025948214285714286,-0.032439
20161226,3.0,-0.007436363636363637,-0.032439
20161226,4.0,-0.0178625,-0.032439
20161226,5.0,-0.015201785714285715,-0.032439
20161226,6.0,-0.02592,-0.032439
20161226,7.0,-0.03175178571428571,-0.032439
20161226,8.0,-0.01120909090909091,-0.032439
20161226,9.0,-0.011287499999999997,-0.032439
20161226,10.0,-0.025337500000000002,-0.032439
20170109,1.0,0.19609999999999997,0.036565
20170109,2.0,0.1366,0.036565
20170109,4.0,0.005100000000000002,0.036565
20170109,6.0,0.012899999999999993,0.036565
20170109,8.0,0.2471,0.036565
20170109,10.0,-0.028200000000000006,0.036565
20170116,1.0,0.18689999999999998,0.036565
20170116,3.0,-0.049200000000000015,0.036565
20170116,5.0,0.3516,0.036565
20170116,8.0,0.081,0.036565
20170116,10.0,-0.0764,0.036565
20170123,1.0,0.12713859649122808,0.036565
20170123,2.0,0.08005535714285715,0.036565
20170123,3.0,0.045583928571428574,0.036565
20170123,4.0,0.045701785714285716,0.036565
20170123,5.0,0.046898214285714286,0.036565
20170123,6.0,0.03742678571428571,0.036565
20170123,7.0,0.04589642857142857,0.036565
20170123,8.0,0.04497321428571428,0.036565
20170123,9.0,0.047276785714285716,0.036565
20170123,10.0,0.047508771929824556,0.036565
20170206,1.0,-0.1081,-0.019531999999999997
20170206,10.0,-0.17880000000000001,-0.019531999999999997
20170213,1.0,0.045899999999999996,-0.019531999999999997
20170213,5.0,0.0019000000000000041,-0.019531999999999997
20170213,10.0,-0.2615,-0.019531999999999997
20170220,1.0,-0.07170000000000001,-0.019531999999999997
20170220,4.0,-0.04170000000000001,-0.019531999999999997
20170220,7.0,0.2194,-0.019531999999999997
20170220,10.0,-0.1095,-0.019531999999999997
20170227,1.0,0.0153551724137931,-0.019531999999999997
20170227,2.0,-0.02875614035087719,-0.019531999999999997
20170227,3.0,-0.011756896551724138,-0.019531999999999997
20170227,4.0,-0.025189473684210525,-0.019531999999999997
20170227,5.0,-0.04465,-0.019531999999999997
20170227,6.0,-0.015266666666666666,-0.019531999999999997
20170227,7.0,-0.01764385964912281,-0.019531999999999997
20170227,8.0,-0.015481034482758622,-0.019531999999999997
20170227,9.0,-0.010142105263157895,-0.019531999999999997
20170227,10.0,0.0068120689655172435,-0.019531999999999997
20170313,1.0,-0.40780000000000005,-0.060159000000000004
20170313,5.0,-0.21960000000000002,-0.060159000000000004
20170313,10.0,0.0641,-0.060159000000000004
20170320,1.0,-0.1053,-0.060159000000000004
20170320,5.0,-0.0999,-0.060159000000000004
20170320,10.0,-0.1053,-0.060159000000000004
20170327,1.0,-0.0700406779661017,-0.060159000000000004
20170327,2.0,-0.07424137931034483,-0.060159000000000004
20170327,3.0,-0.04086379310344828,-0.060159000000000004
20170327,4.0,-0.046501724137931036,-0.060159000000000004
20170327,5.0,-0.02279310344827586,-0.060159000000000004
20170327,6.0,-0.06508793103448277,-0.060159000000000004
20170327,7.0,-0.04825689655172414,-0.060159000000000004
20170327,8.0,-0.043205172413793104,-0.060159000000000004
20170327,9.0,-0.054434482758620686,-0.060159000000000004
20170327,10.0,-0.052361016949152545,-0.060159000000000004
20170410,1.0,-0.1381,-0.08212900000000001
20170410,2.0,-0.1116,-0.08212900000000001
20170410,4.0,-0.2226,-0.08212900000000001
20170410,6.0,-0.04180000000000002,-0.08212900000000001
20170410,8.0,-0.2775,-0.08212900000000001
20170410,10.0,-0.10570000000000002,-0.08212900000000001
20170417,1.0,-0.21230000000000002,-0.08212900000000001
20170417,2.0,-0.0812,-0.08212900000000001
20170417,3.0,-0.1579,-0.08212900000000001
20170417,5.0,0.008600000000000003,-0.08212900000000001
20170417,6.0,-0.04920000000000001,-0.08212900000000001
20170417,8.0,-0.1382,-0.08212900000000001
20170417,9.0,0.03610000000000001,-0.08212900000000001
20170417,10.0,-0.1238,-0.08212900000000001
20170424,1.0,-0.08221525423728814,-0.08212900000000001
20170424,2.0,-0.1065949152542373,-0.08212900000000001
20170424,3.0,-0.08577931034482758,-0.08212900000000001
20170424,4.0,-0.10337222033898305,-0.08212900000000001
20170424,5.0,-0.07968793103448277,-0.08212900000000001
20170424,6.0,-0.08027966101694915,-0.08212900000000001
20170424,7.0,-0.08275517241379311,-0.08212900000000001
20170424,8.0,-0.07187966101694915,-0.08212900000000001
20170424,9.0,-0.06746551724137931,-0.08212900000000001
20170424,10.0,-0.0881406779661017,-0.08212900000000001
20170508,1.0,-0.0488,0.03575999999999999
20170508,3.0,-0.023600000000000006,0.03575999999999999
20170508,5.0,0.1571,0.03575999999999999
20170508,8.0,0.5801000000000001,0.03575999999999999
20170508,10.0,0.10540000000000001,0.03575999999999999
20170515,1.0,-0.1163,0.03575999999999999
20170515,5.0,0.16240000000000002,0.03575999999999999
20170515,10.0,0.2012,0.03575999999999999
20170522,1.0,0.03256666666666667,0.03575999999999999
20170522,2.0,0.04997457627118644,0.03575999999999999
20170522,3.0,0.054577966101694915,0.03575999999999999
20170522,4.0,0.046658333333333336,0.03575999999999999
20170522,5.0,0.034747457627118644,0.03575999999999999
20170522,6.0,0.058408474576271185,0.03575999999999999
20170522,7.0,0.049523333333333336,0.03575999999999999
20170522,8.0,0.05622033898305085,0.03575999999999999
20170522,9.0,0.05400677966101695,0.03575999999999999
20170522,10.0,0.027926666666666666,0.03575999999999999
20170605,1.0,-0.1756,-0.0009319999999999971
20170605,5.0,-0.6459,-0.0009319999999999971
20170605,10.0,0.1005,-0.0009319999999999971
20170619,1.0,0.0601,-0.0009319999999999971
20170619,2.0,-0.0932,-0.0009319999999999971
20170619,4.0,-0.08050000000000002,-0.0009319999999999971
20170619,6.0,-0.11729999999999999,-0.0009319999999999971
20170619,8.0,-0.06840000000000002,-0.0009319999999999971
20170619,10.0,0.003299999999999994,-0.0009319999999999971
20170626,1.0,-0.005379999999999999,-0.0009319999999999971
20170626,2.0,0.04140833333333334,-0.0009319999999999971
20170626,3.0,0.03069833333333333,-0.0009319999999999971
20170626,4.0,-0.00012166666666666564,-0.0009319999999999971
20170626,5.0,-0.005013333333333334,-0.0009319999999999971
20170626,6.0,-0.0019016949152542352,-0.0009319999999999971
20170626,7.0,0.02016333333333333,-0.0009319999999999971
20170626,8.0,-0.0037216666666666674,-0.0009319999999999971
20170626,9.0,-0.005916666666666666,-0.0009319999999999971
20170626,10.0,0.014000000000000002,-0.0009319999999999971
20170703,1.0,-0.1145,0.031796
20170703,5.0,-0.3406,0.031796
20170703,10.0,0.010599999999999995,0.031796
20170710,1.0,0.04870000000000001,0.031796
20170710,5.0,0.04029999999999999,0.031796
20170710,10.0,0.2884,0.031796
20170717,1.0,0.1686,0.031796
20170717,3.0,-0.125,0.031796
20170717,5.0,0.016100000000000003,0.031796
20170717,8.0,0.0036000000000000008,0.031796
20170717,10.0,-0.17179999999999998,0.031796
20170724,1.0,0.04880000000000001,0.031796
20170724,4.0,-0.3658,0.031796
20170724,7.0,0.2715,0.031796
20170724,10.0,0.1079,0.031796
20170731,1.0,0.14215333333333333,0.031796
20170731,2.0,0.03993,0.031796
20170731,3.0,0.037325000000000004,0.031796
20170731,4.0,0.05006833333333334,0.031796
20170731,5.0,0.029266666666666667,0.031796
20170731,6.0,0.05838666666666667,0.031796
20170731,7.0,0.02285833333333333,0.031796
20170731,8.0,0.049041666666666664,0.031796
20170731,9.0,0.03154166666666667,0.031796
20170731,10.0,0.03326,0.031796
20170807,1.0,-0.2519,0.021500999999999992
20170807,10.0,0.19990000000000002,0.021500999999999992
20170814,1.0,0.0483,0.021500999999999992
20170814,10.0,-0.2597,0.021500999999999992
20170821,1.0,0.2016,0.021500999999999992
20170821,4.0,-0.20360000000000003,0.021500999999999992
20170821,7.0,0.22469999999999998,0.021500999999999992
20170821,10.0,-0.36125100000000004,0.021500999999999992
20170828,1.0,0.05294677419354839,0.021500999999999992
20170828,2.0,0.02874262295081967,0.021500999999999992
20170828,3.0,0.032100000000000004,0.021500999999999992
20170828,4.0,0.022422950819672133,0.021500999999999992
20170828,5.0,-0.000854098360655736,0.021500999999999992
20170828,6.0,-0.000549180327868852,0.021500999999999992
20170828,7.0,0.014281967213114756,0.021500999999999992
20170828,8.0,0.010186885245901639,0.021500999999999992
20170828,9.0,0.02269344262295082,0.021500999999999992
20170828,10.0,0.018777049180327868,0.021500999999999992
20170904,1.0,-0.2298,-0.026366
20170904,4.0,-0.011799999999999993,-0.026366
20170904,7.0,-0.1971,-0.026366
20170904,10.0,-0.1122,-0.026366
20170911,1.0,-0.0197,-0.026366
20170911,5.0,-0.1125,-0.026366
20170911,10.0,-0.0998,-0.026366
20170918,1.0,-0.22780000000000003,-0.026366
20170918,2.0,0.08910000000000001,-0.026366
20170918,4.0,-0.049800000000000004,-0.026366
20170918,6.0,0.1374,-0.026366
20170918,8.0,-0.0759,-0.026366
20170918,10.0,0.0013000000000000034,-0.026366
20170925,1.0,-0.0026322580645161287,-0.026366
20170925,2.0,-0.04114516129032258,-0.026366
20170925,3.0,-0.04979677419354839,-0.026366
20170925,4.0,-0.020056451612903228,-0.026366
20170925,5.0,-0.009996774193548386,-0.026366
20170925,6.0,-0.011588709677419356,-0.026366
20170925,7.0,-0.019688709677419355,-0.026366
20170925,8.0,-0.025416129032258063,-0.026366
20170925,9.0,-0.022416129032258064,-0.026366
20170925,10.0,-0.03173064516129032,-0.026366
20171009,1.0,-0.1677,-0.063312
20171009,10.0,-0.0758,-0.063312
20171016,1.0,-0.0675,-0.063312
20171016,10.0,-0.0817,-0.063312
20171023,1.0,-0.23890000000000003,-0.063312
20171023,3.0,-0.10949999999999999,-0.063312
20171023,5.0,-0.0999,-0.063312
20171023,8.0,0.058899999999999994,-0.063312
20171023,10.0,-0.2737,-0.063312
20171030,1.0,-0.07366349206349207,-0.063312
20171030,2.0,-0.06471129032258065,-0.063312
20171030,3.0,-0.041353968253968254,-0.063312
20171030,4.0,-0.07525967741935484,-0.063312
20171030,5.0,-0.05934285714285714,-0.063312
20171030,6.0,-0.08573548387096774,-0.063312
20171030,7.0,-0.05074838709677419,-0.063312
20171030,8.0,-0.04632063492063492,-0.063312
20171030,9.0,-0.0483,-0.063312
20171030,10.0,-0.06771904761904762,-0.063312
20171120,1.0,0.0618,-0.018284
20171120,2.0,-0.06270000000000002,-0.018284
20171120,4.0,-0.12100000000000002,-0.018284
20171120,5.0,-0.026399999999999993,-0.018284
20171120,7.0,-0.08819999999999999,-0.018284
20171120,9.0,-0.15209999999999999,-0.018284
20171120,10.0,0.05050000000000002,-0.018284
20171127,1.0,-0.007179687499999999,-0.018284
20171127,2.0,-0.01338095238095238,-0.018284
20171127,3.0,-0.017458730158730156,-0.018284
20171127,4.0,-0.014262499999999997,-0.018284
20171127,5.0,-0.014460317460317462,-0.018284
20171127,6.0,-0.01652539682539683,-0.018284
20171127,7.0,-0.0188875,-0.018284
20171127,8.0,-0.016271428571428572,-0.018284
20171127,9.0,0.0017619047619047603,-0.018284
20171127,10.0,0.0019796874999999975,-0.018284
20171211,1.0,-0.023300000000000015,-0.031772
20171211,5.0,-0.1391,-0.031772
20171211,10.0,-0.0173,-0.031772
20171218,1.0,0.0947,-0.031772
20171218,4.0,-0.0865,-0.031772
20171218,7.0,-0.08310000000000001,-0.031772
20171218,10.0,0.0385,-0.031772
20171225,1.0,-0.06690625,-0.031772
20171225,2.0,-0.031375,-0.031772
20171225,3.0,-0.025496875000000002,-0.031772
20171225,4.0,-0.0254234375,-0.031772
20171225,5.0,-0.008884375,-0.031772
20171225,6.0,-0.0206671875,-0.031772
20171225,7.0,-0.014090625000000002,-0.031772
20171225,8.0,-0.0202203125,-0.031772
20171225,9.0,-0.00883125,-0.031772
20171225,10.0,-0.024240625,-0.031772
20180115,1.0,0.3112,-0.030565
20180115,3.0,0.2314,-0.030565
20180115,5.0,-0.036899999999999995,-0.030565
20180115,8.0,-0.1689,-0.030565
20180115,10.0,-0.1153,-0.030565
20180122,1.0,-0.09669999999999998,-0.030565
20180122,2.0,-0.06190000000000001,-0.030565
20180122,3.0,-0.1535,-0.030565
20180122,4.0,-0.0556,-0.030565
20180122,5.0,-0.0829,-0.030565
20180122,7.0,-0.0652,-0.030565
20180122,8.0,-0.026099999999999998,-0.030565
20180122,9.0,-0.04479999999999999,-0.030565
20180122,10.0,0.13790000000000005,-0.030565
20180129,1.0,0.0036109375000000004,-0.030565
20180129,2.0,-0.031253125,-0.030565
20180129,3.0,-0.027965625,-0.030565
20180129,4.0,-0.033878125,-0.030565
20180129,5.0,-0.0353546875,-0.030565
20180129,6.0,-0.034447619047619046,-0.030565
20180129,7.0,-0.014542187499999998,-0.030565
20180129,8.0,-0.040646875,-0.030565
20180129,9.0,-0.035750937499999996,-0.030565
20180129,10.0,-0.012049999999999998,-0.030565
20180226,1.0,0.10544307692307692,0.037892999999999996
20180226,2.0,0.059309375,0.037892999999999996
20180226,3.0,0.039340625000000004,0.037892999999999996
20180226,4.0,0.04959375,0.037892999999999996
20180226,5.0,0.0448390625,0.037892999999999996
20180226,6.0,0.025328125,0.037892999999999996
20180226,7.0,0.0570578125,0.037892999999999996
20180226,8.0,0.061828125,0.037892999999999996
20180226,9.0,0.05490625,0.037892999999999996
20180226,10.0,0.049120000000000004,0.037892999999999996
20180319,1.0,-0.057200000000000015,-0.041104
20180319,3.0,-0.10039999999999999,-0.041104
20180319,5.0,-0.0026000000000000034,-0.041104
20180319,8.0,0.1129,-0.041104
20180319,10.0,-0.1587,-0.041104
20180326,1.0,-0.03688615384615384,-0.041104
20180326,2.0,-0.03755692307692308,-0.041104
20180326,3.0,-0.039,-0.041104
20180326,4.0,-0.03617073846153846,-0.041104
20180326,5.0,-0.02777076923076923,-0.041104
20180326,6.0,-0.034310125000000004,-0.041104
20180326,7.0,-0.011721538461538462,-0.041104
20180326,8.0,-0.03761686153846154,-0.041104
20180326,9.0,-0.02304153846153846,-0.041104
20180326,10.0,-0.03852890769230769,-0.041104
20180409,1.0,-0.25243099999999996,-0.030178999999999994
20180409,5.0,-0.3085,-0.030178999999999994
20180409,10.0,-0.06440000000000001,-0.030178999999999994
20180416,1.0,-0.08070000000000001,-0.030178999999999994
20180416,4.0,0.138,-0.030178999999999994
20180416,7.0,-0.344118,-0.030178999999999994
20180416,10.0,-0.17089,-0.030178999999999994
20180423,1.0,0.006498461538461538,-0.030178999999999994
20180423,2.0,-0.010970769230769232,-0.030178999999999994
20180423,3.0,-0.01505946875,-0.030178999999999994
20180423,4.0,-0.009780000000000002,-0.030178999999999994
20180423,5.0,-0.0021082923076923064,-0.030178999999999994
20180423,6.0,-0.003940624999999999,-0.030178999999999994
20180423,7.0,-0.01602421538461539,-0.030178999999999994
20180423,8.0,-0.024596875,-0.030178999999999994
20180423,9.0,-0.012459507692307694,-0.030178999999999994
20180423,10.0,-0.02248153846153846,-0.030178999999999994
20180507,1.0,-0.198842,-0.11437100000000001
20180507,10.0,0.030759999999999985,-0.11437100000000001
20180521,1.0,-0.0713,-0.11437100000000001
20180521,3.0,-0.17099999999999999,-0.11437100000000001
20180521,5.0,-0.1476,-0.11437100000000001
20180521,8.0,-0.3513,-0.11437100000000001
20180521,10.0,-0.156021,-0.11437100000000001
20180528,1.0,-0.0731,-0.11437100000000001
20180528,2.0,-0.10488,-0.11437100000000001
20180528,3.0,-0.09117384615384616,-0.11437100000000001
20180528,4.0,-0.10813906250000001,-0.11437100000000001
20180528,5.0,-0.11085550769230769,-0.11437100000000001
20180528,6.0,-0.09264923076923076,-0.11437100000000001
20180528,7.0,-0.105900015625,-0.11437100000000001
20180528,8.0,-0.0817076923076923,-0.11437100000000001
20180528,9.0,-0.09478461538461538,-0.11437100000000001
20180528,10.0,-0.06376461538461539,-0.11437100000000001
20180604,1.0,-0.289333,-0.00984
20180604,5.0,-0.096087,-0.00984
20180604,10.0,-0.331243,-0.00984
20180611,1.0,-0.24267799999999998,-0.00984
20180611,2.0,-0.199991,-0.00984
20180611,4.0,-0.025914000000000003,-0.00984
20180611,6.0,-0.08766,-0.00984
20180611,8.0,-0.411608,-0.00984
20180611,10.0,0.320842,-0.00984
20180625,1.0,-0.01744204615384615,-0.00984
20180625,2.0,-0.0025260000000000018,-0.00984
20180625,3.0,0.0072101249999999995,-0.00984
20180625,4.0,-0.006737384615384614,-0.00984
20180625,5.0,0.032844796875,-0.00984
20180625,6.0,0.01871973846153846,-0.00984
20180625,7.0,0.011682078124999998,-0.00984
20180625,8.0,0.031138753846153847,-0.00984
20180625,9.0,-0.008899078125,-0.00984
20180625,10.0,0.021253092307692307,-0.00984
20180730,1.0,-0.08833179104477612,-0.088911
20180730,2.0,-0.09037650746268656,-0.088911
20180730,3.0,-0.08478475757575757,-0.088911
20180730,4.0,-0.08031371641791045,-0.088911
20180730,5.0,-0.06063358208955224,-0.088911
20180730,6.0,-0.0753795606060606,-0.088911
20180730,7.0,-0.09141492537313432,-0.088911
20180730,8.0,-0.0714180303030303,-0.088911
20180730,9.0,-0.07609792537313433,-0.088911
20180730,10.0,-0.08199616417910448,-0.088911
20180820,1.0,-0.08260200000000001,-0.013032
20180820,10.0,-0.11799099999999998,-0.013032
20180827,1.0,-0.009517514705882354,-0.013032
20180827,2.0,-0.0019128358208955211,-0.013032
20180827,3.0,0.005162149253731342,-0.013032
20180827,4.0,-0.006028104477611939,-0.013032
20180827,5.0,-0.0029519701492537326,-0.013032
20180827,6.0,-0.004757462686567164,-0.013032
20180827,7.0,0.004656880597014925,-0.013032
20180827,8.0,-0.01049283582089552,-0.013032
20180827,9.0,-0.012265477611940299,-0.013032
20180827,10.0,-0.025792794117647056,-0.013032
20180910,1.0,-0.176574,-0.118814
20180910,5.0,-0.009034999999999998,-0.118814
20180910,10.0,-0.110898,-0.118814
20180917,1.0,-0.09221486764705883,-0.118814
20180917,2.0,-0.08363792647058824,-0.118814
20180917,3.0,-0.09444922388059701,-0.118814
20180917,4.0,-0.10464738235294117,-0.118814
20180917,5.0,-0.09044392537313432,-0.118814
20180917,6.0,-0.09581754411764706,-0.118814
20180917,7.0,-0.09162516417910448,-0.118814
20180917,8.0,-0.08154133823529412,-0.118814
20180917,9.0,-0.11065059701492537,-0.118814
20180917,10.0,-0.10423957352941177,-0.118814
20181029,1.0,0.050135797101449275,0.05782999999999999
20181029,2.0,0.07297559420289855,0.05782999999999999
20181029,3.0,0.06161520289855073,0.05782999999999999
20181029,4.0,0.0415205652173913,0.05782999999999999
20181029,5.0,0.04362997101449275,0.05782999999999999
20181029,6.0,0.06218760294117647,0.05782999999999999
20181029,7.0,0.07157120289855072,0.05782999999999999
20181029,8.0,0.0680356231884058,0.05782999999999999
20181029,9.0,0.05362172463768116,0.05782999999999999
20181029,10.0,0.06745284057971014,0.05782999999999999
20181126,1.0,-0.043294742857142854,-0.046447999999999996
20181126,2.0,-0.0369308,-0.046447999999999996
20181126,3.0,-0.060424,-0.046447999999999996
20181126,4.0,-0.05293877142857143,-0.046447999999999996
20181126,5.0,-0.04443282608695652,-0.046447999999999996
20181126,6.0,-0.022341957142857142,-0.046447999999999996
20181126,7.0,-0.032607507246376816,-0.046447999999999996
20181126,8.0,-0.04788022857142857,-0.046447999999999996
20181126,9.0,-0.029226376811594203,-0.046447999999999996
20181126,10.0,-0.033113800000000006,-0.046447999999999996
20181224,1.0,-0.012444171428571429,-0.015551
20181224,2.0,-0.0082464,-0.015551
20181224,3.0,-0.005972514285714288,-0.015551
20181224,4.0,0.012022869565217392,-0.015551
20181224,5.0,-0.012738242857142859,-0.015551
20181224,6.0,-0.014841414285714286,-0.015551
20181224,7.0,-0.011487449275362318,-0.015551
20181224,8.0,-0.0051958,-0.015551
20181224,9.0,-0.0015440571428571447,-0.015551
20181224,10.0,-0.0002754428571428586,-0.015551
20190128,1.0,0.24089777464788734,0.205225
20190128,2.0,0.20772027142857144,0.205225
20190128,3.0,0.18841644285714287,0.205225
20190128,4.0,0.18526657746478872,0.205225
20190128,5.0,0.1944981857142857,0.205225
20190128,6.0,0.2123709,0.205225
20190128,7.0,0.20045069014084507,0.205225
20190128,8.0,0.19292985714285715,0.205225
20190128,9.0,0.20323767142857144,0.205225
20190128,10.0,0.23960042253521127,0.205225
20190218,1.0,0.171268,0.108796
20190218,10.0,0.3337,0.108796
20190225,1.0,0.1381721971830986,0.108796
20190225,2.0,0.12429194285714286,0.108796
20190225,3.0,0.09928094366197183,0.108796
20190225,4.0,0.11172857142857144,0.108796
20190225,5.0,0.10553721126760562,0.108796
20190225,6.0,0.1015124,0.108796
20190225,7.0,0.12722277142857144,0.108796
20190225,8.0,0.13015771830985917,0.108796
20190225,9.0,0.12095470000000001,0.108796
20190225,10.0,0.1056827323943662,0.108796
20190318,1.0,0.200314,-0.036179
20190318,3.0,-0.023845,-0.036179
20190318,5.0,0.162472,-0.036179
20190318,8.0,-0.044730000000000006,-0.036179
20190318,10.0,-0.21065000000000003,-0.036179
20190325,1.0,-0.04130674647887324,-0.036179
20190325,2.0,-0.03960921428571428,-0.036179
20190325,3.0,-0.042847871428571424,-0.036179
20190325,4.0,-0.0480870985915493,-0.036179
20190325,5.0,-0.0643036,-0.036179
20190325,6.0,-0.025159557142857142,-0.036179
20190325,7.0,-0.03729309859154929,-0.036179
20190325,8.0,-0.012313757142857141,-0.036179
20190325,9.0,-0.021996214285714286,-0.036179
20190325,10.0,-0.03832205633802817,-0.036179
20190422,1.0,-0.118233,-0.057203000000000004
20190422,10.0,-0.359846,-0.057203000000000004
20190429,1.0,-0.013898041666666666,-0.057203000000000004
20190429,2.0,-0.020018394366197186,-0.057203000000000004
20190429,3.0,-0.04318494366197183,-0.057203000000000004
20190429,4.0,-0.04124584507042254,-0.057203000000000004
20190429,5.0,-0.03598649295774648,-0.057203000000000004
20190429,6.0,-0.030235281690140843,-0.057203000000000004
20190429,7.0,-0.0286680985915493,-0.057203000000000004
20190429,8.0,-0.03104707042253521,-0.057203000000000004
20190429,9.0,-0.05243046478873239,-0.057203000000000004
20190429,10.0,-0.06440775,-0.057203000000000004
20190527,1.0,0.010711083333333336,-0.00020699999999999712
20190527,2.0,0.015168875000000002,-0.00020699999999999712
20190527,3.0,0.0013336388888888885,-0.00020699999999999712
20190527,4.0,-0.0015221944444444432,-0.00020699999999999712
20190527,5.0,0.018759597222222223,-0.00020699999999999712
20190527,6.0,0.005366267605633803,-0.00020699999999999712
20190527,7.0,0.022952541666666666,-0.00020699999999999712
20190527,8.0,0.02580301388888889,-0.00020699999999999712
20190527,9.0,0.014753888888888891,-0.00020699999999999712
20190527,10.0,-0.009626555555555557,-0.00020699999999999712
20190624,1.0,-0.03095340277777778,-0.02112799999999999
20190624,2.0,0.0054418888888888885,-0.02112799999999999
20190624,3.0,-0.011871597222222221,-0.02112799999999999
20190624,4.0,-0.004931569444444446,-0.02112799999999999
20190624,5.0,-0.007061,-0.02112799999999999
20190624,6.0,-0.012356486111111113,-0.02112799999999999
20190624,7.0,-0.0064520555555555555,-0.02112799999999999
20190624,8.0,-0.010020972222222223,-0.02112799999999999
20190624,9.0,-0.019890541666666664,-0.02112799999999999
20190624,10.0,-0.02948266666666667,-0.02112799999999999
20190729,1.0,0.02060582432432432,-0.001624999999999997
20190729,2.0,-0.0041430136986301365,-0.001624999999999997
20190729,3.0,-0.0007460273972602738,-0.001624999999999997
20190729,4.0,-0.007841465753424658,-0.001624999999999997
20190729,5.0,-0.0160247027027027,-0.001624999999999997
20190729,6.0,-0.009608972602739725,-0.001624999999999997
20190729,7.0,-0.0017667397260273984,-0.001624999999999997
20190729,8.0,0.00017517808219178244,-0.001624999999999997
20190729,9.0,0.023542068493150686,-0.001624999999999997
20190729,10.0,0.022855594594594596,-0.001624999999999997
20190826,1.0,0.03240755405405405,0.011558000000000002
20190826,2.0,0.017682675675675674,0.011558000000000002
20190826,3.0,0.02782822972972973,0.011558000000000002
20190826,4.0,0.02740720547945206,0.011558000000000002
20190826,5.0,0.014377081081081083,0.011558000000000002
20190826,6.0,0.023205297297297298,0.011558000000000002
20190826,7.0,0.03234564383561644,0.011558000000000002
20190826,8.0,0.03748160810810811,0.011558000000000002
20190826,9.0,0.030618243243243245,0.011558000000000002
20190826,10.0,0.0019348513513513521,0.011558000000000002
20190930,1.0,-0.03779054054054054,0.005190999999999998
20190930,2.0,0.0008059324324324321,0.005190999999999998
20190930,3.0,-0.0070976351351351346,0.005190999999999998
20190930,4.0,0.001000824324324323,0.005190999999999998
20190930,5.0,0.0033248378378378358,0.005190999999999998
20190930,6.0,0.005892905405405405,0.005190999999999998
20190930,7.0,0.018165594594594596,0.005190999999999998
20190930,8.0,-0.014912405405405406,0.005190999999999998
20190930,9.0,-0.0013958378378378363,0.005190999999999998
20190930,10.0,-0.0037852027027027056,0.005190999999999998
20191028,1.0,-0.015592613333333333,-0.023614
20191028,2.0,-0.01663808108108108,-0.023614
20191028,3.0,-0.020396216216216213,-0.023614
20191028,4.0,-0.003965527027027026,-0.023614
20191028,5.0,-0.010837106666666665,-0.023614
20191028,6.0,-0.026998472972972972,-0.023614
20191028,7.0,-0.012437851351351352,-0.023614
20191028,8.0,-0.015067418918918916,-0.023614
20191028,9.0,-0.005431527027027027,-0.023614
20191028,10.0,-0.011468826666666664,-0.023614
20191125,1.0,0.09878894666666667,0.083511
20191125,2.0,0.09784866666666667,0.083511
20191125,3.0,0.10090556756756758,0.083511
20191125,4.0,0.09138646666666667,0.083511
20191125,5.0,0.08111024,0.083511
20191125,6.0,0.059245851351351346,0.083511
20191125,7.0,0.06673729333333332,0.083511
20191125,8.0,0.08822508108108108,0.083511
20191125,9.0,0.10589080000000001,0.083511
20191125,10.0,0.09399004,0.083511
20191230,1.0,0.039904763157894735,0.024953999999999994
20191230,2.0,0.022265493333333334,0.024953999999999994
20191230,3.0,0.012500706666666668,0.024953999999999994
20191230,4.0,0.022327573333333333,0.024953999999999994
20191230,5.0,0.02293006666666667,0.024953999999999994
20191230,6.0,0.0046323200000000005,0.024953999999999994
20191230,7.0,-0.002711279999999999,0.024953999999999994
20191230,8.0,0.03279450666666667,0.024953999999999994
20191230,9.0,0.046587173333333336,0.024953999999999994
20191230,10.0,0.037643171052631576,0.024953999999999994
20200120,1.0,0.031280276315789474,0.03882100000000001
20200120,2.0,0.029927706666666668,0.03882100000000001
20200120,3.0,0.002456066666666666,0.03882100000000001
20200120,4.0,-0.008370653333333335,0.03882100000000001
20200120,5.0,-0.0006039333333333315,0.03882100000000001
20200120,6.0,0.03007202666666666,0.03882100000000001
20200120,7.0,0.0224116,0.03882100000000001
20200120,8.0,0.012581120000000003,0.03882100000000001
20200120,9.0,0.03058112,0.03882100000000001
20200120,10.0,0.05298958666666667,0.03882100000000001
20200224,1.0,-0.06055772368421053,-0.072814
20200224,2.0,-0.04146644736842106,-0.072814
20200224,3.0,-0.05048722666666666,-0.072814
20200224,4.0,-0.03168398684210526,-0.072814
20200224,5.0,-0.047494842105263155,-0.072814
20200224,6.0,-0.055985959999999994,-0.072814
20200224,7.0,-0.04165085526315789,-0.072814
20200224,8.0,-0.0727064,-0.072814
20200224,9.0,-0.04965232894736842,-0.072814
20200224,10.0,-0.046301552631578945,-0.072814
20200330,1.0,0.059748631578947366,0.047668
20200330,2.0,0.0820064605263158,0.047668
20200330,3.0,0.06166090789473684,0.047668
20200330,4.0,0.03862293333333333,0.047668
20200330,5.0,0.043742592105263156,0.047668
20200330,6.0,0.04680359210526316,0.047668
20200330,7.0,0.018388986666666666,0.047668
20200330,8.0,0.03378513157894737,0.047668
20200330,9.0,0.02352772368421053,0.047668
20200330,10.0,0.013799815789473684,0.047668
20200427,1.0,0.03604488157894737,0.025232
20200427,2.0,0.032688473684210524,0.025232
20200427,3.0,0.013785526315789472,0.025232
20200427,4.0,0.04092118421052632,0.025232
20200427,5.0,0.031614671052631584,0.025232
20200427,6.0,0.0320906052631579,0.025232
20200427,7.0,0.025076078947368418,0.025232
20200427,8.0,0.057439986842105266,0.025232
20200427,9.0,0.04227036842105263,0.025232
20200427,10.0,0.06290797368421053,0.025232
20200525,1.0,0.10980996103896103,0.083884
20200525,2.0,0.10338266233766234,0.083884
20200525,3.0,0.08007060526315789,0.083884
20200525,4.0,0.0659044935064935,0.083884
20200525,5.0,0.056195776315789474,0.083884
20200525,6.0,0.06851450649350649,0.083884
20200525,7.0,0.05878269736842105,0.083884
20200525,8.0,0.07990853246753246,0.083884
20200525,9.0,0.07483494736842106,0.083884
20200525,10.0,0.0936727922077922,0.083884
20200622,1.0,0.07925800000000001,0.128771
20200622,10.0,0.03291199999999999,0.128771
20200629,1.0,0.12368822077922077,0.128771
20200629,2.0,0.12975302631578947,0.128771
20200629,3.0,0.12854964935064933,0.128771
20200629,4.0,0.09676572368421052,0.128771
20200629,5.0,0.14268906493506495,0.128771
20200629,6.0,0.14176277631578946,0.128771
20200629,7.0,0.13804713157894738,0.128771
20200629,8.0,0.18129575324675326,0.128771
20200629,9.0,0.12817996052631578,0.128771
20200629,10.0,0.12833818181818182,0.128771
20200727,1.0,0.01310148717948718,0.013698999999999996
20200727,2.0,0.036651805194805195,0.013698999999999996
20200727,3.0,0.02713612987012987,0.013698999999999996
20200727,4.0,0.01993142857142857,0.013698999999999996
20200727,5.0,0.03752428571428571,0.013698999999999996
20200727,6.0,0.04999361038961039,0.013698999999999996
20200727,7.0,0.029568155844155845,0.013698999999999996
20200727,8.0,0.033991649350649356,0.013698999999999996
20200727,9.0,0.015591220779220778,0.013698999999999996
20200727,10.0,0.0035355769230769217,0.013698999999999996
20200824,1.0,0.057976000000000014,-0.08520900000000001
20200824,10.0,0.10816200000000005,-0.08520900000000001
20200831,1.0,-0.0808939493670886,-0.08520900000000001
20200831,2.0,-0.06682278205128205,-0.08520900000000001
20200831,3.0,-0.0699245641025641,-0.08520900000000001
20200831,4.0,-0.06617837974683545,-0.08520900000000001
20200831,5.0,-0.07289391025641025,-0.08520900000000001
20200831,6.0,-0.07523382051282052,-0.08520900000000001
20200831,7.0,-0.07324988607594937,-0.08520900000000001
20200831,8.0,-0.0530796282051282,-0.08520900000000001
20200831,9.0,-0.08277005128205128,-0.08520900000000001
20200831,10.0,-0.05693149367088607,-0.08520900000000001
20200921,1.0,-0.06728,-0.014385000000000005
20200921,10.0,-0.06992200000000001,-0.014385000000000005
20200928,1.0,0.009907887499999999,-0.014385000000000005
20200928,2.0,0.0006916075949367098,-0.014385000000000005
20200928,3.0,0.003735708860759493,-0.014385000000000005
20200928,4.0,-0.012426725000000001,-0.014385000000000005
20200928,5.0,-0.0041114430379746835,-0.014385000000000005
20200928,6.0,-0.02539498734177215,-0.014385000000000005
20200928,7.0,0.006075250000000002,-0.014385000000000005
20200928,8.0,-0.004778088607594937,-0.014385000000000005
20200928,9.0,0.006969582278481015,-0.014385000000000005
20200928,10.0,0.03333795,-0.014385000000000005
20201026,1.0,0.04345885,0.018189000000000007
20201026,2.0,0.033343687500000004,0.018189000000000007
20201026,3.0,0.0287219,0.018189000000000007
20201026,4.0,0.03321575,0.018189000000000007
20201026,5.0,0.047303250000000005,0.018189000000000007
20201026,6.0,0.05449300000000001,0.018189000000000007
20201026,7.0,0.02345315,0.018189000000000007
20201026,8.0,0.045552575,0.018189000000000007
20201026,9.0,0.043104037500000005,0.018189000000000007
20201026,10.0,0.023154,0.018189000000000007
20201123,1.0,0.391487,0.005063000000000005
20201123,10.0,1.212499,0.005063000000000005
20201130,1.0,-0.009249774999999998,0.005063000000000005
20201130,2.0,-0.007011000000000002,0.005063000000000005
20201130,3.0,0.02027705,0.005063000000000005
20201130,4.0,-0.026865724999999997,0.005063000000000005
20201130,5.0,-0.0387814375,0.005063000000000005
20201130,6.0,-0.019965,0.005063000000000005
20201130,7.0,-0.007397499999999999,0.005063000000000005
20201130,8.0,-0.0029918874999999992,0.005063000000000005
20201130,9.0,-0.0019919624999999988,0.005063000000000005
20201130,10.0,0.0166587625,0.005063000000000005
20201228,1.0,-0.0634175925925926,-0.05127999999999999
20201228,2.0,-0.0614887125,-0.05127999999999999
20201228,3.0,-0.05742472839506173,-0.05127999999999999
20201228,4.0,-0.0440423125,-0.05127999999999999
20201228,5.0,-0.05252088888888889,-0.05127999999999999
20201228,6.0,-0.0612290625,-0.05127999999999999
20201228,7.0,-0.030777862499999996,-0.05127999999999999
20201228,8.0,-0.04097149382716049,-0.05127999999999999
20201228,9.0,-0.0253073125,-0.05127999999999999
20201228,10.0,-0.061035209876543206,-0.05127999999999999
20210118,1.0,-0.05699499999999999,0.004921000000000002
20210118,10.0,-0.058397,0.004921000000000002
20210125,1.0,0.019303123456790125,0.004921000000000002
20210125,2.0,0.03870062962962963,0.004921000000000002
20210125,3.0,0.03908676543209877,0.004921000000000002
20210125,4.0,0.0500944125,0.004921000000000002
20210125,5.0,0.05996716049382716,0.004921000000000002
20210125,6.0,0.04922823456790123,0.004921000000000002
20210125,7.0,0.0214857,0.004921000000000002
20210125,8.0,0.039555839506172835,0.004921000000000002
20210125,9.0,0.009212555555555554,0.004921000000000002
20210125,10.0,-0.012229234567901233,0.004921000000000002
20210222,1.0,-0.020343390243902436,-0.002812000000000009
20210222,2.0,0.004167444444444442,-0.002812000000000009
20210222,3.0,0.008377432098765432,-0.002812000000000009
20210222,4.0,0.005697530864197532,-0.002812000000000009
20210222,5.0,0.02855158024691358,-0.002812000000000009
20210222,6.0,0.03590045679012346,-0.002812000000000009
20210222,7.0,0.041267962962962965,-0.002812000000000009
20210222,8.0,0.0359012962962963,-0.002812000000000009
20210222,9.0,0.015827197530864198,-0.002812000000000009
20210222,10.0,0.011250524390243903,-0.002812000000000009
20210329,1.0,0.025380329268292683,0.014721000000000001
20210329,2.0,0.015596914634146343,0.014721000000000001
20210329,3.0,0.019469716049382718,0.014721000000000001
20210329,4.0,0.011773743902439024,0.014721000000000001
20210329,5.0,0.013698172839506174,0.014721000000000001
20210329,6.0,0.014030329268292683,0.014721000000000001
20210329,7.0,0.014191543209876544,0.014721000000000001
20210329,8.0,0.01463409756097561,0.014721000000000001
20210329,9.0,0.04819764197530864,0.014721000000000001
20210329,10.0,0.010455243902439024,0.014721000000000001
20210426,1.0,0.07237279268292683,0.066133
20210426,2.0,0.07755430487804878,0.066133
20210426,3.0,0.059379963414634154,0.066133
20210426,4.0,0.07207278048780488,0.066133
20210426,5.0,0.055301756097560974,0.066133
20210426,6.0,0.0634336913580247,0.066133
20210426,7.0,0.04662509756097561,0.066133
20210426,8.0,0.05542834146341464,0.066133
20210426,9.0,0.0827518780487805,0.066133
20210426,10.0,0.09739029268292683,0.066133
20210531,1.0,0.026982277108433737,0.039852
20210531,2.0,0.030265146341463416,0.039852
20210531,3.0,0.05138146987951807,0.039852
20210531,4.0,0.03763314634146341,0.039852
20210531,5.0,0.03193912048192771,0.039852
20210531,6.0,0.04416663414634146,0.039852
20210531,7.0,0.04189764634146342,0.039852
20210531,8.0,0.040551831325301206,0.039852
20210531,9.0,0.030382353658536587,0.039852
20210531,10.0,0.037411891566265065,0.039852
20210628,1.0,0.07381380952380952,0.027288000000000007
20210628,2.0,0.04203660240963855,0.027288000000000007
20210628,3.0,0.05657513253012048,0.027288000000000007
20210628,4.0,0.006081506024096384,0.027288000000000007
20210628,5.0,0.0034820120481927727,0.027288000000000007
20210628,6.0,0.020640373493975905,0.027288000000000007
20210628,7.0,0.028474204819277107,0.027288000000000007
20210628,8.0,0.0036932409638554217,0.027288000000000007
20210628,9.0,0.027825506024096384,0.027288000000000007
20210628,10.0,-0.023691493975903616,0.027288000000000007
20210726,1.0,0.046208811764705884,0.06377000000000001
20210726,2.0,0.06630839285714286,0.06377000000000001
20210726,3.0,0.059967595238095237,0.06377000000000001
20210726,4.0,0.07878294047619047,0.06377000000000001
20210726,5.0,0.0661542261904762,0.06377000000000001
20210726,6.0,0.08890736904761905,0.06377000000000001
20210726,7.0,0.09166132142857142,0.06377000000000001
20210726,8.0,0.09286657142857142,0.06377000000000001
20210726,9.0,0.05561579761904761,0.06377000000000001
20210726,10.0,0.07527485714285713,0.06377000000000001
20210830,1.0,-0.08079023529411765,-0.040135000000000004
20210830,2.0,-0.004616776470588236,-0.040135000000000004
20210830,3.0,-0.05287234117647059,-0.040135000000000004
20210830,4.0,-0.021731870588235294,-0.040135000000000004
20210830,5.0,0.0024175647058823527,-0.040135000000000004
20210830,6.0,-0.013598595238095241,-0.040135000000000004
20210830,7.0,-0.01804484705882353,-0.040135000000000004
20210830,8.0,0.01761671764705882,-0.040135000000000004
20210830,9.0,-0.023528823529411765,-0.040135000000000004
20210830,10.0,-0.04352045882352941,-0.040135000000000004
20210913,1.0,0.04244099999999999,-0.001658999999999993
20210913,3.0,0.039740999999999985,-0.001658999999999993
20210913,5.0,0.01747500000000001,-0.001658999999999993
20210913,8.0,-0.07870699999999999,-0.001658999999999993
20210913,10.0,-0.117977,-0.001658999999999993
20210927,1.0,0.03145843529411765,-0.001658999999999993
20210927,2.0,0.01950685882352941,-0.001658999999999993
20210927,3.0,-0.014881117647058822,-0.001658999999999993
20210927,4.0,-0.005727305882352942,-0.001658999999999993
20210927,5.0,-0.021478823529411762,-0.001658999999999993
20210927,6.0,0.0018741547619047618,-0.001658999999999993
20210927,7.0,-0.01942545882352941,-0.001658999999999993
20210927,8.0,-0.011320399999999998,-0.001658999999999993
20210927,9.0,-0.012683435294117648,-0.001658999999999993
20210927,10.0,-0.023400988235294115,-0.001658999999999993
20211018,1.0,0.779027,0.087755
20211018,5.0,0.36879999999999996,0.087755
20211018,10.0,-0.05133899999999999,0.087755
20211025,1.0,0.08643520930232557,0.087755
20211025,2.0,0.1301796,0.087755
20211025,3.0,0.12742951764705884,0.087755
20211025,4.0,0.08669441860465117,0.087755
20211025,5.0,0.09328361176470588,0.087755
20211025,6.0,0.08396494117647059,0.087755
20211025,7.0,0.11881982558139535,0.087755
20211025,8.0,0.1166339294117647,0.087755
20211025,9.0,0.1347848235294118,0.087755
20211025,10.0,0.06743003488372094,0.087755
20211129,1.0,-0.02655524137931034,-0.0042039999999999985
20211129,2.0,0.011531325581395349,-0.0042039999999999985
20211129,3.0,0.02070210465116279,-0.0042039999999999985
20211129,4.0,0.05640337931034482,-0.0042039999999999985
20211129,5.0,0.062249976744186045,-0.0042039999999999985
20211129,6.0,0.05565609302325582,-0.0042039999999999985
20211129,7.0,0.05800441379310345,-0.0042039999999999985
20211129,8.0,0.041470697674418605,-0.0042039999999999985
20211129,9.0,0.008991093023255814,-0.0042039999999999985
20211129,10.0,-0.03726931034482758,-0.0042039999999999985
20211227,1.0,-0.14884828735632186,-0.13585
20211227,2.0,-0.13709506896551724,-0.13585
20211227,3.0,-0.09833177011494253,-0.13585
20211227,4.0,-0.08400440697674419,-0.13585
20211227,5.0,-0.09656447126436782,-0.13585
20211227,6.0,-0.10206127586206896,-0.13585
20211227,7.0,-0.0908115,-0.13585
20211227,8.0,-0.09287504597701149,-0.13585
20211227,9.0,-0.12396155172413793,-0.13585
20211227,10.0,-0.1189156551724138,-0.13585
20220124,1.0,0.03874068181818182,0.063481
20220124,2.0,0.03881929885057472,0.063481
20220124,3.0,0.05007763218390804,0.063481
20220124,4.0,0.04012632183908046,0.063481
20220124,5.0,0.04836765909090909,0.063481
20220124,6.0,0.06703133333333333,0.063481
20220124,7.0,0.0577868275862069,0.063481
20220124,8.0,0.057587425287356324,0.063481
20220124,9.0,0.07840867816091954,0.063481
20220124,10.0,0.07452620454545454,0.063481
20220221,1.0,0.287336,-0.087261
20220221,10.0,0.579196,-0.087261
20220228,1.0,-0.10467222727272728,-0.087261
20220228,2.0,-0.07085263218390804,-0.087261
20220228,3.0,-0.07873281609195402,-0.087261
20220228,4.0,-0.0808597356321839,-0.087261
20220228,5.0,-0.06433911363636363,-0.087261
20220228,6.0,-0.07402513793103448,-0.087261
20220228,7.0,-0.0638523908045977,-0.087261
20220228,8.0,-0.07354403448275862,-0.087261
20220228,9.0,-0.06740642528735633,-0.087261
20220228,10.0,-0.047738079545454545,-0.087261
20220328,1.0,-0.14686398876404494,-0.157763
20220328,2.0,-0.1308539318181818,-0.157763
20220328,3.0,-0.15902288636363637,-0.157763
20220328,4.0,-0.1476109431818182,-0.157763
20220328,5.0,-0.14587901136363637,-0.157763
20220328,6.0,-0.1417417840909091,-0.157763
20220328,7.0,-0.14504767045454547,-0.157763
20220328,8.0,-0.12605380681818182,-0.157763
20220328,9.0,-0.13537557954545454,-0.157763
20220328,10.0,-0.16455792045454545,-0.157763
20220418,1.0,-0.092463,0.104458
20220418,10.0,-0.026897999999999995,0.104458
20220425,1.0,0.12320291011235955,0.104458
20220425,2.0,0.11638002247191012,0.104458
20220425,3.0,0.11551575280898875,0.104458
20220425,4.0,0.11786902272727273,0.104458
20220425,5.0,0.0939132584269663,0.104458
20220425,6.0,0.1299857415730337,0.104458
20220425,7.0,0.11796237500000001,0.104458
20220425,8.0,0.11764584269662921,0.104458
20220425,9.0,0.13419621348314606,0.104458
20220425,10.0,0.10549789887640448,0.104458
20220530,1.0,0.12256184444444444,0.098228
20220530,2.0,0.11176084269662921,0.098228
20220530,3.0,0.09388487640449437,0.098228
20220530,4.0,0.09192403370786517,0.098228
20220530,5.0,0.11102876404494383,0.098228
20220530,6.0,0.09621631460674157,0.098228
20220530,7.0,0.10439506741573035,0.098228
20220530,8.0,0.10171431460674157,0.098228
20220530,9.0,0.08459412359550561,0.098228
20220530,10.0,0.07685252222222222,0.098228
20220627,1.0,0.04149833333333333,0.018438999999999997
20220627,2.0,0.038995235955056176,0.018438999999999997
20220627,3.0,0.028761333333333333,0.018438999999999997
20220627,4.0,0.02866896629213483,0.018438999999999997
20220627,5.0,0.014779333333333332,0.018438999999999997
20220627,6.0,0.008099752808988765,0.018438999999999997
20220627,7.0,0.019698191011235953,0.018438999999999997
20220627,8.0,0.01966312222222222,0.018438999999999997
20220627,9.0,0.04974412359550562,0.018438999999999997
20220627,10.0,0.04438086666666667,0.018438999999999997
20220725,1.0,-0.09508865934065934,-0.050486
20220725,2.0,-0.06096487777777777,-0.050486
20220725,3.0,-0.03899004444444445,-0.050486
20220725,4.0,-0.027367144444444443,-0.050486
20220725,5.0,-0.022295699999999998,-0.050486
20220725,6.0,-0.01580851111111111,-0.050486
20220725,7.0,-0.02278106666666667,-0.050486
20220725,8.0,-0.020284866666666665,-0.050486
20220725,9.0,-0.02187571111111111,-0.050486
20220725,10.0,-0.016734822222222223,-0.050486
20220829,1.0,-0.09657385714285714,-0.09497299999999999
20220829,2.0,-0.10217939560439561,-0.09497299999999999
20220829,3.0,-0.10065812087912088,-0.09497299999999999
20220829,4.0,-0.0756990989010989,-0.09497299999999999
20220829,5.0,-0.08795279120879122,-0.09497299999999999
20220829,6.0,-0.0729841,-0.09497299999999999
20220829,7.0,-0.08468326373626374,-0.09497299999999999
20220829,8.0,-0.0987570989010989,-0.09497299999999999
20220829,9.0,-0.07846989010989011,-0.09497299999999999
20220829,10.0,-0.05447006593406593,-0.09497299999999999
20220926,1.0,0.15813938043478262,0.029086000000000004
20220926,2.0,0.07173945054945055,0.029086000000000004
20220926,3.0,0.0833785934065934,0.029086000000000004
20220926,4.0,0.05002885869565218,0.029086000000000004
20220926,5.0,0.03944693406593407,0.029086000000000004
20220926,6.0,0.013931307692307692,0.029086000000000004
20220926,7.0,0.029072293478260867,0.029086000000000004
20220926,8.0,0.01470824175824176,0.029086000000000004
20220926,9.0,-0.016319923076923076,0.029086000000000004
20220926,10.0,0.01397926086956522,0.029086000000000004
20221031,1.0,0.049699108695652174,0.047603
20221031,2.0,0.07789740217391304,0.047603
20221031,3.0,0.09220880434782608,0.047603
20221031,4.0,0.05902132967032967,0.047603
20221031,5.0,0.07172815217391304,0.047603
20221031,6.0,0.08635926086956522,0.047603
20221031,7.0,0.06285879120879122,0.047603
20221031,8.0,0.06690843478260869,0.047603
20221031,9.0,0.05586517391304348,0.047603
20221031,10.0,-0.003570836956521741,0.047603
20221128,1.0,-0.028466333333333337,-0.047087
20221128,2.0,-0.05197723913043478,-0.047087
20221128,3.0,-0.0314265652173913,-0.047087
20221128,4.0,-0.016136043478260868,-0.047087
20221128,5.0,-0.032646903225806455,-0.047087
20221128,6.0,-0.03430505434782609,-0.047087
20221128,7.0,-0.03409375,-0.047087
20221128,8.0,-0.04701594565217391,-0.047087
20221128,9.0,-0.050953217391304345,-0.047087
20221128,10.0,-0.04384608602150537,-0.047087
20221219,1.0,0.125763,0.080618
20221219,10.0,0.193537,0.080618
20221226,1.0,0.05456692473118279,0.080618
20221226,2.0,0.07910220430107526,0.080618
20221226,3.0,0.07956523913043478,0.080618
20221226,4.0,0.08246229032258065,0.080618
20221226,5.0,0.08206984782608695,0.080618
20221226,6.0,0.08370910752688172,0.080618
20221226,7.0,0.09599384782608696,0.080618
20221226,8.0,0.10773267741935486,0.080618
20221226,9.0,0.09756646739130435,0.080618
20221226,10.0,0.08948774193548387,0.080618
20230130,1.0,0.024140021505376346,0.022656
20230130,2.0,0.03035615053763441,0.022656
20230130,3.0,0.039862860215053766,0.022656
20230130,4.0,0.03559030107526882,0.022656
20230130,5.0,0.01900083870967742,0.022656
20230130,6.0,0.018843193548387097,0.022656
20230130,7.0,0.043585827956989245,0.022656
20230130,8.0,0.026251806451612906,0.022656
20230130,9.0,0.02730767741935484,0.022656
20230130,10.0,0.029298677419354838,0.022656
20230227,1.0,-0.011961043010752685,-0.010737999999999994
20230227,2.0,-0.019758333333333333,-0.010737999999999994
20230227,3.0,0.008313709677419356,-0.010737999999999994
20230227,4.0,0.01073010752688172,-0.010737999999999994
20230227,5.0,-2.416129032257974e-05,-0.010737999999999994
20230227,6.0,-0.003062892473118281,-0.010737999999999994
20230227,7.0,-0.019726182795698922,-0.010737999999999994
20230227,8.0,0.011277053763440861,-0.010737999999999994
20230227,9.0,0.03830820430107527,-0.010737999999999994
20230227,10.0,-0.004246956989247314,-0.010737999999999994
20230327,1.0,0.01324136170212766,-0.021489
20230327,2.0,-0.025800602150537637,-0.021489
20230327,3.0,-0.003564436170212766,-0.021489
20230327,4.0,-0.02502458064516129,-0.021489
20230327,5.0,-0.017164659574468086,-0.021489
20230327,6.0,-0.0013385913978494629,-0.021489
20230327,7.0,0.006571279569892472,-0.021489
20230327,8.0,0.006538276595744681,-0.021489
20230327,9.0,0.007155752688172043,-0.021489
20230327,10.0,0.0029955851063829795,-0.021489
20230424,1.0,0.006525578947368419,-0.023844999999999998
20230424,2.0,0.0026111382978723408,-0.023844999999999998
20230424,3.0,-0.008378436170212767,-0.023844999999999998
20230424,4.0,-0.02162522340425532,-0.023844999999999998
20230424,5.0,-0.0002560851063829791,-0.023844999999999998
20230424,6.0,-0.0017288297872340421,-0.023844999999999998
20230424,7.0,0.0048653510638297865,-0.023844999999999998
20230424,8.0,-0.00449972340425532,-0.023844999999999998
20230424,9.0,-0.032775244680851065,-0.023844999999999998
20230424,10.0,0.008530894736842105,-0.023844999999999998
20230529,1.0,0.01988037894736842,0.007181999999999999
20230529,2.0,0.016233648936170214,0.007181999999999999
20230529,3.0,0.012250606382978722,0.007181999999999999
20230529,4.0,0.0267195052631579,0.007181999999999999
20230529,5.0,0.01794922340425532,0.007181999999999999
20230529,6.0,0.01973775531914894,0.007181999999999999
20230529,7.0,0.024565389473684213,0.007181999999999999
20230529,8.0,0.023724436170212762,0.007181999999999999
20230529,9.0,0.014213606382978724,0.007181999999999999
20230529,10.0,0.0321534,0.007181999999999999
20230626,1.0,-0.023293526315789473,-0.012528000000000004
20230626,2.0,0.008809178947368419,-0.012528000000000004
20230626,3.0,0.014468136842105263,-0.012528000000000004
20230626,4.0,-0.0019165894736842112,-0.012528000000000004
20230626,5.0,0.011675326315789474,-0.012528000000000004
20230626,6.0,0.011211085106382978,-0.012528000000000004
20230626,7.0,0.010220652631578947,-0.012528000000000004
20230626,8.0,-0.012764947368421055,-0.012528000000000004
20230626,9.0,-0.002670336842105263,-0.012528000000000004
20230626,10.0,-0.05829412631578947,-0.012528000000000004
20230731,1.0,-0.046196666666666664,-0.063601
20230731,2.0,-0.03626547368421053,-0.063601
20230731,3.0,-0.05133646315789474,-0.063601
20230731,4.0,-0.055418063157894736,-0.063601
20230731,5.0,-0.04481205208333333,-0.063601
20230731,6.0,-0.05615435789473684,-0.063601
20230731,7.0,-0.05290577894736843,-0.063601
20230731,8.0,-0.04158734736842105,-0.063601
20230731,9.0,-0.0653010947368421,-0.063601
20230731,10.0,-0.05529007291666666,-0.063601
20230828,1.0,0.014702721649484538,-0.0033119999999999964
20230828,2.0,0.028555833333333336,-0.0033119999999999964
20230828,3.0,-0.007910833333333332,-0.0033119999999999964
20230828,4.0,0.005470885416666667,-0.0033119999999999964
20230828,5.0,0.01077928125,-0.0033119999999999964
20230828,6.0,0.003179197916666666,-0.0033119999999999964
20230828,7.0,0.009207718750000001,-0.0033119999999999964
20230828,8.0,-0.0009017812499999998,-0.0033119999999999964
20230828,9.0,-0.017186,-0.0033119999999999964
20230828,10.0,-0.017182010416666664,-0.0033119999999999964
20230925,1.0,0.01845534020618557,-0.017069
20230925,2.0,-0.004796770833333334,-0.017069
20230925,3.0,-0.008969000000000001,-0.017069
20230925,4.0,-0.018858670103092782,-0.017069
20230925,5.0,-0.02941015625,-0.017069
20230925,6.0,-0.012882072916666668,-0.017069
20230925,7.0,-0.020803917525773197,-0.017069
20230925,8.0,-0.012209385416666668,-0.017069
20230925,9.0,-0.01129490625,-0.017069
20230925,10.0,0.002084865979381445,-0.017069
20231030,1.0,0.01918269072164949,0.01937300000000001
20231030,2.0,0.018514135416666664,0.01937300000000001
20231030,3.0,0.024137989583333335,0.01937300000000001
20231030,4.0,0.030268639175257732,0.01937300000000001
20231030,5.0,0.027880031250000003,0.01937300000000001
20231030,6.0,0.036220125,0.01937300000000001
20231030,7.0,0.027994886597938147,0.01937300000000001
20231030,8.0,0.021478229166666668,0.01937300000000001
20231030,9.0,0.041291052083333335,0.01937300000000001
20231030,10.0,0.03962196907216495,0.01937300000000001
20231127,1.0,-0.041954628865979386,-0.031114000000000003
20231127,2.0,-0.023743010416666665,-0.031114000000000003
20231127,3.0,-0.036246587628865984,-0.031114000000000003
20231127,4.0,-0.016957375,-0.031114000000000003
20231127,5.0,-0.028628072164948455,-0.031114000000000003
20231127,6.0,-0.022658447916666668,-0.031114000000000003
20231127,7.0,-0.013611239583333332,-0.031114000000000003
20231127,8.0,-0.004790628865979381,-0.031114000000000003
20231127,9.0,-0.0066748229166666674,-0.031114000000000003
20231127,10.0,-0.020809268041237117,-0.031114000000000003
20231218,1.0,-0.10866900000000002,-0.201999
20231218,4.0,-0.34741500000000003,-0.201999
20231218,7.0,0.046277999999999986,-0.201999
20231218,10.0,-0.137164,-0.201999
20231225,1.0,-0.2393761443298969,-0.201999
20231225,2.0,-0.21454433333333334,-0.201999
20231225,3.0,-0.2175528762886598,-0.201999
20231225,4.0,-0.2105389375,-0.201999
20231225,5.0,-0.17475692783505156,-0.201999
20231225,6.0,-0.17618423958333332,-0.201999
20231225,7.0,-0.17896553125,-0.201999
20231225,8.0,-0.166587412371134,-0.201999
20231225,9.0,-0.18084716666666667,-0.201999
20231225,10.0,-0.1964628350515464,-0.201999
20240129,1.0,0.12365592857142857,0.119744
20240129,2.0,0.12094212371134021,0.119744
20240129,3.0,0.11368760824742268,0.119744
20240129,4.0,0.10919539175257732,0.119744
20240129,5.0,0.12325651546391754,0.119744
20240129,6.0,0.12073003092783505,0.119744
20240129,7.0,0.11558080412371134,0.119744
20240129,8.0,0.10563965979381444,0.119744
20240129,9.0,0.1404716288659794,0.119744
20240129,10.0,0.13310620408163265,0.119744
20240226,1.0,0.02316307142857143,0.019921000000000008
20240226,2.0,0.02182076288659794,0.019921000000000008
20240226,3.0,0.028925175257731958,0.019921000000000008
20240226,4.0,0.0394864693877551,0.019921000000000008
20240226,5.0,0.023925721649484536,0.019921000000000008
20240226,6.0,0.011625680412371131,0.019921000000000008
20240226,7.0,0.019784724489795923,0.019921000000000008
20240226,8.0,0.02931084536082474,0.019921000000000008
20240226,9.0,0.034096051546391754,0.019921000000000008
20240226,10.0,0.04678243877551021,0.019921000000000008
20240325,1.0,-0.005096520408163262,0.013522000000000003
20240325,2.0,0.02800409278350515,0.013522000000000003
20240325,3.0,0.018378618556701032,0.013522000000000003
20240325,4.0,0.02592818367346939,0.013522000000000003
20240325,5.0,0.026518865979381443,0.013522000000000003
20240325,6.0,0.03857620618556701,0.013522000000000003
20240325,7.0,0.049661806122448984,0.013522000000000003
20240325,8.0,0.028403030927835055,0.013522000000000003
20240325,9.0,0.027064268041237117,0.013522000000000003
20240325,10.0,-0.0009186224489795919,0.013522000000000003
20240429,1.0,0.004527163265306125,-0.024978
20240429,2.0,0.004702927835051547,-0.024978
20240429,3.0,-0.014709917525773197,-0.024978
20240429,4.0,-0.009233224489795919,-0.024978
20240429,5.0,-0.005233804123711339,-0.024978
20240429,6.0,-0.007736731958762888,-0.024978
20240429,7.0,-0.015808724489795915,-0.024978
20240429,8.0,-0.036598762886597934,-0.024978
20240429,9.0,-0.020915453608247425,-0.024978
20240429,10.0,0.00195337755102041,-0.024978
20240527,1.0,-0.0851927755102041,-0.0875
20240527,2.0,-0.08148825773195877,-0.0875
20240527,3.0,-0.08342024742268041,-0.0875
20240527,4.0,-0.08151088775510204,-0.0875
20240527,5.0,-0.09026375257731957,-0.0875
20240527,6.0,-0.0823939587628866,-0.0875
20240527,7.0,-0.08774247959183673,-0.0875
20240527,8.0,-0.06676949484536082,-0.0875
20240527,9.0,-0.08700040206185566,-0.0875
20240527,10.0,-0.06366674489795918,-0.0875
20240624,1.0,0.0012995612244897962,0.0012789999999999954
20240624,2.0,0.0019363673469387761,0.0012789999999999954
20240624,3.0,0.012038865979381443,0.0012789999999999954
20240624,4.0,0.011168836734693878,0.0012789999999999954
20240624,5.0,0.012882886597938145,0.0012789999999999954
20240624,6.0,0.009863122448979592,0.0012789999999999954
20240624,7.0,0.010448536082474225,0.0012789999999999954
20240624,8.0,0.013746102040816329,0.0012789999999999954
20240624,9.0,-0.01537121649484536,0.0012789999999999954
20240624,10.0,-0.020965285714285714,0.0012789999999999954
20240729,1.0,-0.07129779591836735,-0.053154
20240729,2.0,-0.04452419387755102,-0.053154
20240729,3.0,-0.04551234020618557,-0.053154
20240729,4.0,-0.0321120306122449,-0.053154
20240729,5.0,-0.0255699387755102,-0.053154
20240729,6.0,-0.04922069072164949,-0.053154
20240729,7.0,-0.03688497959183673,-0.053154
20240729,8.0,-0.04784616494845361,-0.053154
20240729,9.0,-0.041741714285714285,-0.053154
20240729,10.0,-0.05025938775510204,-0.053154
20240826,1.0,0.2226290306122449,0.2191
20240826,2.0,0.1992968775510204,0.2191
20240826,3.0,0.2206064081632653,0.2191
20240826,4.0,0.21055538144329897,0.2191
20240826,5.0,0.21601027551020408,0.2191
20240826,6.0,0.22958316326530612,0.2191
20240826,7.0,0.21390249484536084,0.2191
20240826,8.0,0.22786085714285714,0.2191
20240826,9.0,0.2303488163265306,0.2191
20240826,10.0,0.2612820816326531,0.2191
20240923,1.0,1.283375,0.079267
20240923,10.0,0.8999940000000001,0.079267
20240930,1.0,0.06781570408163265,0.079267
20240930,2.0,0.0689005,0.079267
20240930,3.0,0.055959224489795914,0.079267
20240930,4.0,0.06409140206185567,0.079267
20240930,5.0,0.05066669387755102,0.079267
20240930,6.0,0.041070724489795915,0.079267
20240930,7.0,0.06669446391752577,0.079267
20240930,8.0,0.0649950306122449,0.079267
20240930,9.0,0.06928477551020408,0.079267
20240930,10.0,0.08744784693877551,0.079267
20241028,1.0,0.0585450505050505,0.01642100000000001
20241028,2.0,0.05875932653061225,0.01642100000000001
20241028,3.0,0.05900058163265306,0.01642100000000001
20241028,4.0,0.0745975918367347,0.01642100000000001
20241028,5.0,0.037464727272727275,0.01642100000000001
20241028,6.0,0.0380740918367347,0.01642100000000001
20241028,7.0,0.0317475,0.01642100000000001
20241028,8.0,0.04314022448979592,0.01642100000000001
20241028,9.0,0.0025068265306122444,0.01642100000000001
20241028,10.0,0.00190560606060606,0.01642100000000001
20241125,1.0,-0.060663212121212125,-0.035779
20241125,2.0,-0.03256661224489796,-0.035779
20241125,3.0,-0.03433752525252526,-0.035779
20241125,4.0,-0.021288040816326532,-0.035779
20241125,5.0,-0.009198515151515152,-0.035779
20241125,6.0,-0.015668326530612245,-0.035779
20241125,7.0,-0.008827948979591837,-0.035779
20241125,8.0,-0.021886030303030306,-0.035779
20241125,9.0,-0.012507224489795918,-0.035779
20241125,10.0,-0.016060464646464642,-0.035779
20241216,1.0,-0.11534,-0.01628100000000001
20241216,5.0,-0.086095,-0.01628100000000001
20241216,10.0,-0.164703,-0.01628100000000001
20241230,1.0,-0.003454020202020203,-0.01628100000000001
20241230,2.0,-0.0021092121212121216,-0.01628100000000001
20241230,3.0,-0.02003373469387755,-0.01628100000000001
20241230,4.0,-0.010041959595959597,-0.01628100000000001
20241230,5.0,-0.030299816326530612,-0.01628100000000001
20241230,6.0,-0.00918840404040404,-0.01628100000000001
20241230,7.0,-0.02536585714285714,-0.01628100000000001
20241230,8.0,-0.009419242424242424,-0.01628100000000001
20241230,9.0,-0.014405959183673472,-0.01628100000000001
20241230,10.0,0.0359580202020202,-0.01628100000000001
20250127,1.0,0.13573865,0.07233700000000001
20250127,2.0,0.08386268686868686,0.07233700000000001
20250127,3.0,0.04201292929292929,0.07233700000000001
20250127,4.0,0.07402387878787879,0.07233700000000001
20250127,5.0,0.04788983838383839,0.07233700000000001
20250127,6.0,0.05048913131313131,0.07233700000000001
20250127,7.0,0.05972175757575758,0.07233700000000001
20250127,8.0,0.07913344444444444,0.07233700000000001
20250127,9.0,0.09389667676767677,0.07233700000000001
20250127,10.0,0.07981361,0.07233700000000001
20250224,1.0,-0.02603613,-0.006023999999999998
20250224,2.0,0.020109919191919196,-0.006023999999999998
20250224,3.0,0.021928878787878785,-0.006023999999999998
20250224,4.0,0.00850081818181818,-0.006023999999999998
20250224,5.0,0.03329979797979798,-0.006023999999999998
20250224,6.0,0.014725505050505051,-0.006023999999999998
20250224,7.0,0.018142252525252523,-0.006023999999999998
20250224,8.0,0.02123337373737374,-0.006023999999999998
20250224,9.0,0.001605757575757578,-0.006023999999999998
20250224,10.0,-0.02891034,-0.006023999999999998
20250324,1.0,-0.064745,-0.037119
20250324,5.0,0.02601999999999999,-0.037119
20250324,10.0,-0.186214,-0.037119
20250331,1.0,-0.00958593,-0.037119
20250331,2.0,-0.02928893939393939,-0.037119
20250331,3.0,-0.023845111111111112,-0.037119
20250331,4.0,-0.017739010101010103,-0.037119
20250331,5.0,-0.021774242424242425,-0.037119
20250331,6.0,-0.021517707070707073,-0.037119
20250331,7.0,-0.015017414141414142,-0.037119
20250331,8.0,-0.015094040404040407,-0.037119
20250331,9.0,-0.033066030303030305,-0.037119
20250331,10.0,-0.0250959898989899,-0.037119
20250428,1.0,0.02584587,0.013870999999999998
20250428,2.0,0.047036610000000006,0.013870999999999998
20250428,3.0,0.033477626262626264,0.013870999999999998
20250428,4.0,0.03458219,0.013870999999999998
20250428,5.0,0.02566046,0.013870999999999998
20250428,6.0,0.02953908080808081,0.013870999999999998
20250428,7.0,0.008350370000000001,0.013870999999999998
20250428,8.0,0.02790638383838384,0.013870999999999998
20250428,9.0,0.012042760000000001,0.013870999999999998
20250428,10.0,0.02541371,0.013870999999999998
20250519,1.0,0.058213999999999995,0.054160999999999994
20250519,10.0,0.05263900000000001,0.054160999999999994
20250526,1.0,0.06475093,0.054160999999999994
20250526,2.0,0.04423457,0.054160999999999994
20250526,3.0,0.054043989898989904,0.054160999999999994
20250526,4.0,0.07755237,0.054160999999999994
20250526,5.0,0.04977861616161616,0.054160999999999994
20250526,6.0,0.06346533,0.054160999999999994
20250526,7.0,0.07667183838383838,0.054160999999999994
20250526,8.0,0.06559933,0.054160999999999994
20250526,9.0,0.069357898989899,0.054160999999999994
20250526,10.0,0.03373326,0.054160999999999994
20250630,1.0,0.08819914000000001,0.047413
20250630,2.0,0.054844330000000004,0.047413
20250630,3.0,0.05970365999999999,0.047413
20250630,4.0,0.05362752525252525,0.047413
20250630,5.0,0.04979265,0.047413
20250630,6.0,0.03918273,0.047413
20250630,7.0,0.06114492929292929,0.047413
20250630,8.0,0.06017522,0.047413
20250630,9.0,0.05405169,0.047413
20250630,10.0,0.0561775,0.047413
20250728,1.0,0.10066564,0.111773
20250728,2.0,0.09316546,0.111773
20250728,3.0,0.11238119,0.111773
20250728,4.0,0.10911058000000001,0.111773
20250728,5.0,0.10212865,0.111773
20250728,6.0,0.09842731313131313,0.111773
20250728,7.0,0.08684492,0.111773
20250728,8.0,0.09427037,0.111773
20250728,9.0,0.10851636,0.111773
20250728,10.0,0.10785981,0.111773
20250825,1.0,0.042548300000000004,0.020320999999999995
20250825,2.0,0.033821620000000004,0.020320999999999995
20250825,3.0,0.00629769,0.020320999999999995
20250825,4.0,0.01605387,0.020320999999999995
20250825,5.0,-0.0032893700000000002,0.020320999999999995
20250825,6.0,0.023644626262626263,0.020320999999999995
20250825,7.0,0.006984430000000001,0.020320999999999995
20250825,8.0,0.02225306,0.020320999999999995
20250825,9.0,0.0053072200000000005,0.020320999999999995
20250825,10.0,-0.008672309999999997,0.020320999999999995
20250929,1.0,-0.02058602,-0.007649000000000003
20250929,2.0,0.03236007,-0.007649000000000003
20250929,3.0,0.02539365,-0.007649000000000003
20250929,4.0,0.009128959999999998,-0.007649000000000003
20250929,5.0,-0.01103221,-0.007649000000000003
20250929,6.0,0.0009602121212121207,-0.007649000000000003
20250929,7.0,0.00730714,-0.007649000000000003
20250929,8.0,0.014512489999999998,-0.007649000000000003
20250929,9.0,-0.02221117,-0.007649000000000003
20250929,10.0,-0.017098920000000004,-0.007649000000000003
20251020,1.0,0.14444200000000001,-0.021835
20251020,10.0,-0.04599300000000001,-0.021835
20251027,1.0,-0.017188659999999998,-0.021835
20251027,2.0,-0.01778465,-0.021835
20251027,3.0,-0.014682737373737372,-0.021835
20251027,4.0,-0.024556139999999997,-0.021835
20251027,5.0,-0.02207303,-0.021835
20251027,6.0,-0.014690989898989898,-0.021835
20251027,7.0,-0.01775885,-0.021835
20251027,8.0,-0.023207767676767674,-0.021835
20251027,9.0,-0.017387749999999997,-0.021835
20251027,10.0,-0.01338924,-0.021835
20251124,1.0,0.0485431,0.035943
20251124,2.0,0.05277316,0.035943
20251124,3.0,0.039408149999999996,0.035943
20251124,4.0,0.03423943,0.035943
20251124,5.0,0.018727840000000003,0.035943
20251124,6.0,0.01659148,0.035943
20251124,7.0,0.026104099999999998,0.035943
20251124,8.0,0.01843191,0.035943
20251124,9.0,0.03071892,0.035943
20251124,10.0,0.02272078,0.035943
20251229,1.0,0.09814007999999999,0.08469199999999999
20251229,2.0,0.09981092999999999,0.08469199999999999
20251229,3.0,0.07530369,0.08469199999999999
20251229,4.0,0.06424325252525252,0.08469199999999999
20251229,5.0,0.07391854,0.08469199999999999
20251229,6.0,0.06510653,0.08469199999999999
20251229,7.0,0.07762146464646465,0.08469199999999999
20251229,8.0,0.07329243,0.08469199999999999
20251229,9.0,0.08667904,0.08469199999999999
20251229,10.0,0.06544637,0.08469199999999999
